"filename", "language", "TypeScript", "JSON", "JavaScript", "Markdown", "HTML", "JSON with Comments", "XML", "LaTeX", "Groovy", "BibTeX", "log", "Java", "Properties", "Batch", "comment", "blank", "total"
"/home/dev/TFG/.eslintrc.cjs", "JavaScript", 0, 0, -20, 0, 0, 0, 0, 0, 0, 0, 0, 0, 0, 0, 0, -1, -21
"/home/dev/TFG/Docs/01-introducción.tex", "LaTeX", 0, 0, 0, 0, 0, 0, 0, -211, 0, 0, 0, 0, 0, 0, -1, -59, -271
"/home/dev/TFG/Docs/02-capítulo2.tex", "LaTeX", 0, 0, 0, 0, 0, 0, 0, -154, 0, 0, 0, 0, 0, 0, -7, -54, -215
"/home/dev/TFG/Docs/03-capítulo3.tex", "LaTeX", 0, 0, 0, 0, 0, 0, 0, -171, 0, 0, 0, 0, 0, 0, -6, -28, -205
"/home/dev/TFG/Docs/04-capítulo4.tex", "LaTeX", 0, 0, 0, 0, 0, 0, 0, -107, 0, 0, 0, 0, 0, 0, 0, -28, -135
"/home/dev/TFG/Docs/05-conclusiones.tex", "LaTeX", 0, 0, 0, 0, 0, 0, 0, -3, 0, 0, 0, 0, 0, 0, 0, -1, -4
"/home/dev/TFG/Docs/05-implementacion.tex", "LaTeX", 0, 0, 0, 0, 0, 0, 0, -2, 0, 0, 0, 0, 0, 0, -1, -2, -5
"/home/dev/TFG/Docs/06-conclusions.tex", "LaTeX", 0, 0, 0, 0, 0, 0, 0, -3, 0, 0, 0, 0, 0, 0, 0, -1, -4
"/home/dev/TFG/Docs/06-pruebas.tex", "LaTeX", 0, 0, 0, 0, 0, 0, 0, -2, 0, 0, 0, 0, 0, 0, -1, -2, -5
"/home/dev/TFG/Docs/07-presupuesto.tex", "LaTeX", 0, 0, 0, 0, 0, 0, 0, -50, 0, 0, 0, 0, 0, 0, 0, -6, -56
"/home/dev/TFG/Docs/0A-apéndice1.tex", "LaTeX", 0, 0, 0, 0, 0, 0, 0, -74, 0, 0, 0, 0, 0, 0, 0, -16, -90
"/home/dev/TFG/Docs/0B-apéndice2.tex", "LaTeX", 0, 0, 0, 0, 0, 0, 0, -6, 0, 0, 0, 0, 0, 0, 0, -2, -8
"/home/dev/TFG/Docs/DATOS_MERCADO.md", "Markdown", 0, 0, 0, -133, 0, 0, 0, 0, 0, 0, 0, 0, 0, 0, 0, -49, -182
"/home/dev/TFG/Docs/PLAN_REDACCION.md", "Markdown", 0, 0, 0, -300, 0, 0, 0, 0, 0, 0, 0, 0, 0, 0, 0, -95, -395
"/home/dev/TFG/Docs/README.md", "Markdown", 0, 0, 0, -45, 0, 0, 0, 0, 0, 0, 0, 0, 0, 0, 0, -44, -89
"/home/dev/TFG/Docs/TO_FIX.md", "Markdown", 0, 0, 0, -6, 0, 0, 0, 0, 0, 0, 0, 0, 0, 0, 0, -8, -14
"/home/dev/TFG/Docs/memtfg.log", "log", 0, 0, 0, 0, 0, 0, 0, 0, 0, 0, -2120, 0, 0, 0, 0, -174, -2294
"/home/dev/TFG/Docs/memtfg.run.xml", "XML", 0, 0, 0, 0, 0, 0, -83, 0, 0, 0, 0, 0, 0, 0, -3, -1, -87
"/home/dev/TFG/Docs/memtfg.tex", "LaTeX", 0, 0, 0, 0, 0, 0, 0, -263, 0, 0, 0, 0, 0, 0, -62, -70, -395
"/home/dev/TFG/Docs/referencias.bib", "BibTeX", 0, 0, 0, 0, 0, 0, 0, 0, 0, -272, 0, 0, 0, 0, 0, -33, -305
"/home/dev/TFG/Docs/settings/listings.tex", "LaTeX", 0, 0, 0, 0, 0, 0, 0, -104, 0, 0, 0, 0, 0, 0, -4, -5, -113
"/home/dev/TFG/README.md", "Markdown", 0, 0, 0, -114, 0, 0, 0, 0, 0, 0, 0, 0, 0, 0, 0, -27, -141
"/home/dev/TFG/android/app/build.gradle", "Groovy", 0, 0, 0, 0, 0, 0, 0, 0, -47, 0, 0, 0, 0, 0, -2, -6, -55
"/home/dev/TFG/android/app/capacitor.build.gradle", "Groovy", 0, 0, 0, 0, 0, 0, 0, 0, -19, 0, 0, 0, 0, 0, -1, -6, -26
"/home/dev/TFG/android/app/src/androidTest/java/com/getcapacitor/myapp/ExampleInstrumentedTest.java", "Java", 0, 0, 0, 0, 0, 0, 0, 0, 0, 0, 0, -15, 0, 0, -6, -6, -27
"/home/dev/TFG/android/app/src/main/AndroidManifest.xml", "XML", 0, 0, 0, 0, 0, 0, -31, 0, 0, 0, 0, 0, 0, 0, -1, -4, -36
"/home/dev/TFG/android/app/src/main/java/com/parky/app/MainActivity.java", "Java", 0, 0, 0, 0, 0, 0, 0, 0, 0, 0, 0, -3, 0, 0, 0, -3, -6
"/home/dev/TFG/android/app/src/main/res/drawable-v24/ic_launcher_foreground.xml", "XML", 0, 0, 0, 0, 0, 0, -34, 0, 0, 0, 0, 0, 0, 0, 0, -1, -35
"/home/dev/TFG/android/app/src/main/res/drawable/ic_launcher_background.xml", "XML", 0, 0, 0, 0, 0, 0, -170, 0, 0, 0, 0, 0, 0, 0, 0, -1, -171
"/home/dev/TFG/android/app/src/main/res/layout/activity_main.xml", "XML", 0, 0, 0, 0, 0, 0, -11, 0, 0, 0, 0, 0, 0, 0, 0, -2, -13
"/home/dev/TFG/android/app/src/main/res/mipmap-anydpi-v26/ic_launcher.xml", "XML", 0, 0, 0, 0, 0, 0, -9, 0, 0, 0, 0, 0, 0, 0, 0, 0, -9
"/home/dev/TFG/android/app/src/main/res/mipmap-anydpi-v26/ic_launcher_round.xml", "XML", 0, 0, 0, 0, 0, 0, -9, 0, 0, 0, 0, 0, 0, 0, 0, 0, -9
"/home/dev/TFG/android/app/src/main/res/values/ic_launcher_background.xml", "XML", 0, 0, 0, 0, 0, 0, -4, 0, 0, 0, 0, 0, 0, 0, 0, 0, -4
"/home/dev/TFG/android/app/src/main/res/values/strings.xml", "XML", 0, 0, 0, 0, 0, 0, -7, 0, 0, 0, 0, 0, 0, 0, 0, -1, -8
"/home/dev/TFG/android/app/src/main/res/values/styles.xml", "XML", 0, 0, 0, 0, 0, 0, -16, 0, 0, 0, 0, 0, 0, 0, -2, -4, -22
"/home/dev/TFG/android/app/src/main/res/xml/file_paths.xml", "XML", 0, 0, 0, 0, 0, 0, -5, 0, 0, 0, 0, 0, 0, 0, 0, 0, -5
"/home/dev/TFG/android/app/src/test/java/com/getcapacitor/myapp/ExampleUnitTest.java", "Java", 0, 0, 0, 0, 0, 0, 0, 0, 0, 0, 0, -9, 0, 0, -5, -5, -19
"/home/dev/TFG/android/build.gradle", "Groovy", 0, 0, 0, 0, 0, 0, 0, 0, -20, 0, 0, 0, 0, 0, -3, -7, -30
"/home/dev/TFG/android/capacitor.settings.gradle", "Groovy", 0, 0, 0, 0, 0, 0, 0, 0, -16, 0, 0, 0, 0, 0, -1, -8, -25
"/home/dev/TFG/android/gradle.properties", "Properties", 0, 0, 0, 0, 0, 0, 0, 0, 0, 0, 0, 0, -2, 0, -15, -6, -23
"/home/dev/TFG/android/gradle/wrapper/gradle-wrapper.properties", "Properties", 0, 0, 0, 0, 0, 0, 0, 0, 0, 0, 0, 0, -7, 0, 0, -1, -8
"/home/dev/TFG/android/gradlew.bat", "Batch", 0, 0, 0, 0, 0, 0, 0, 0, 0, 0, 0, 0, 0, -41, -32, -22, -95
"/home/dev/TFG/android/settings.gradle", "Groovy", 0, 0, 0, 0, 0, 0, 0, 0, -4, 0, 0, 0, 0, 0, 0, -1, -5
"/home/dev/TFG/android/variables.gradle", "Groovy", 0, 0, 0, 0, 0, 0, 0, 0, -16, 0, 0, 0, 0, 0, 0, 0, -16
"/home/dev/TFG/capacitor.config.ts", "TypeScript", -16, 0, 0, 0, 0, 0, 0, 0, 0, 0, 0, 0, 0, 0, 0, -3, -19
"/home/dev/TFG/index.html", "HTML", 0, 0, 0, 0, -13, 0, 0, 0, 0, 0, 0, 0, 0, 0, 0, -3, -16
"/home/dev/TFG/package.json", "JSON", 0, -99, 0, 0, 0, 0, 0, 0, 0, 0, 0, 0, 0, 0, 0, -1, -100
"/home/dev/TFG/postcss.config.js", "JavaScript", 0, 0, -5, 0, 0, 0, 0, 0, 0, 0, 0, 0, 0, 0, 0, 0, -5
"/home/dev/TFG/public/car.svg", "XML", 0, 0, 0, 0, 0, 0, -9, 0, 0, 0, 0, 0, 0, 0, 0, -1, -10
"/home/dev/TFG/public/favicon.svg", "XML", 0, 0, 0, 0, 0, 0, -9, 0, 0, 0, 0, 0, 0, 0, 0, -1, -10
"/home/dev/TFG/tailwind.config.js", "JavaScript", 0, 0, -7, 0, 0, 0, 0, 0, 0, 0, 0, 0, 0, 0, -1, 0, -8
"/home/dev/TFG/tsconfig.json", "JSON with Comments", 0, 0, 0, 0, 0, -33, 0, 0, 0, 0, 0, 0, 0, 0, -3, 0, -36
"/home/dev/TFG/vercel.json", "JSON", 0, -39, 0, 0, 0, 0, 0, 0, 0, 0, 0, 0, 0, 0, 0, -1, -40
"/home/dev/TFG/vite.config.ts", "TypeScript", -71, 0, 0, 0, 0, 0, 0, 0, 0, 0, 0, 0, 0, 0, 0, -2, -73
"Total", "-", -87, -138, -32, -598, -13, -33, -397, -1150, -122, -272, -2120, -27, -9, -41, -157, -802, -5998